{"name": "signal", "mag": 0.5, "freq": 2.0, "phase": 0.0, "harmonics": 6, "samples": 100, "signal": [[0.0, 0.0], [0.02, 0.6426900827822608], [0.04, 0.8006229494155984], [0.06, 0.5952299669396104], [0.08, 0.4571156338880029], [0.1, 0.48488300765965153], [0.12, 0.4613285926080621], [0.14, 0.32733582537433736], [0.16, 0.2421981426149492], [0.18, 0.24124766563724548], [0.2, 0.19014686427612076], [0.22, 0.06987288228250256], [0.24, 0.003361960910860197], [0.26, -0.0033619609108601553], [0.28, -0.06987288228250246], [0.3, -0.19014686427612065], [0.32, -0.2412476656372457], [0.34, -0.24219814261494946], [0.36, -0.3273358253743374], [0.38, -0.4613285926080622], [0.4, -0.48488300765965164], [0.42, -0.4571156338880027], [0.44, -0.5952299669396098], [0.46, -0.8006229494155984], [0.48, -0.6426900827822616], [0.5, -7.347880794884119e-16], [0.52, 0.6426900827822607], [0.54, 0.8006229494155986], [0.56, 0.5952299669396104], [0.58, 0.45711563388800314], [0.6, 0.48488300765965137], [0.62, 0.4613285926080623], [0.64, 0.3273358253743375], [0.66, 0.242198142614949], [0.68, 0.24124766563724462], [0.7000000000000001, 0.19014686427612124], [0.72, 0.06987288228250267], [0.74, 0.003361960910860655], [0.76, -0.0033619609108605855], [0.78, -0.0698728822825023], [0.8, -0.19014686427612054], [0.8200000000000001, -0.24124766563724503], [0.84, -0.24219814261494882], [0.86, -0.32733582537433703], [0.88, -0.4613285926080613], [0.9, -0.4848830076596516], [0.92, -0.4571156338880029], [0.9400000000000001, -0.5952299669396113], [0.96, -0.8006229494155988], [0.98, -0.6426900827822626], [1.0, -1.4695761589768238e-15], [1.02, 0.642690082782261], [1.04, 0.8006229494155992], [1.06, 0.5952299669396102], [1.08, 0.45711563388800247], [1.1, 0.48488300765965187], [1.12, 0.4613285926080617], [1.1400000000000001, 0.3273358253743371], [1.16, 0.24219814261494788], [1.18, 0.24124766563724506], [1.2, 0.1901468642761209], [1.22, 0.06987288228250316], [1.24, 0.0033619609108606688], [1.26, -0.0033619609108611476], [1.28, -0.06987288228250296], [1.3, -0.19014686427611974], [1.32, -0.2412476656372468], [1.34, -0.2421981426149484], [1.36, -0.3273358253743376], [1.3800000000000001, -0.4613285926080623], [1.4000000000000001, -0.48488300765965076], [1.42, -0.4571156338880027], [1.44, -0.5952299669396096], [1.46, -0.8006229494155982], [1.48, -0.6426900827822608], [1.5, -2.914906974225336e-15], [1.52, 0.6426900827822583], [1.54, 0.8006229494155989], [1.56, 0.595229966939611], [1.58, 0.45711563388800275], [1.6, 0.4848830076596513], [1.62, 0.46132859260806214], [1.6400000000000001, 0.32733582537433675], [1.6600000000000001, 0.24219814261494949], [1.68, 0.24124766563724684], [1.7, 0.19014686427612093], [1.72, 0.06987288228250234], [1.74, 0.0033619609108612655], [1.76, -0.003361960910860308], [1.78, -0.06987288228250266], [1.8, -0.19014686427612038], [1.82, -0.2412476656372483], [1.84, -0.24219814261494774], [1.86, -0.32733582537433803], [1.8800000000000001, -0.46132859260806336], [1.9000000000000001, -0.4848830076596516], [1.92, -0.45711563388800236], [1.94, -0.5952299669396088], [1.96, -0.8006229494155976], [1.98, -0.6426900827822605], [2.0, -2.9391523179536475e-15]], "harmo_odd_even": 1}